id,author,title,body
poem_0479,William Shakespeare,"The Sonnets LXV - Since brass, nor stone, nor earth, nor boundless sea","Since brass, nor stone, nor earth, nor boundless sea,
But sad mortality o'ersways their power,
How with this rage shall beauty hold a plea,
Whose action is no stronger than a flower?
O! how shall summer's honey breath hold out,
Against the wrackful siege of battering days,
When rocks impregnable are not so stout,
Nor gates of steel so strong but Time decays?
O fearful meditation! where, alack,
Shall Time's best jewel from Time's chest lie hid?
Or what strong hand can hold his swift foot back?
Or who his spoil of beauty can forbid?
O! none, unless this miracle have might,
That in black ink my love may still shine bright."
poem_0481,William Shakespeare,The Sonnets CXXIX - The expense of spirit in a waste of shame,"The expense of spirit in a waste of shame
Is lust in action: and till action, lust
Is perjur'd, murderous, bloody, full of blame,
Savage, extreme, rude, cruel, not to trust;
Enjoy'd no sooner but despised straight;
Past reason hunted; and no sooner had,
Past reason hated, as a swallow'd bait,
On purpose laid to make the taker mad:
Mad in pursuit and in possession so;
Had, having, and in quest, to have extreme;
A bliss in proof, and prov'd, a very woe;
Before, a joy propos'd; behind a dream.
All this the world well knows; yet none knows well
To shun the heaven that leads men to this hell."
poem_0373,Sara Teasdale,Night Song At Amalfi,"I asked the heaven of stars
What I should give my love,
It answered me with silence,
Silence above.
I asked the darkened sea
Down where the fishers go,
It answered me with silence,
Silence below.
Oh, I could give him weeping,
Or I could give him song,
But how can I give silence,
My whole life long?
"
poem_0500,Alfred Lord Tennyson,Ulysses,"It little profits that an idle king,
By this still hearth, among these barren crags,
Match'd with an aged wife, I mete and dole
Unequal laws unto a savage race,
That hoard, and sleep, and feed, and know not me.
I cannot rest from travel; I will drink
Life to the lees. All times I have enjoy'd
Greatly, have suffer'd greatly, both with those
That loved me, and alone; on shore, and when
Thro' scudding drifts the rainy Hyades
Vext the dim sea. I am become a name;
For always roaming with a hungry heart
Much have I seen and known,-- cities of men
And manners, climates, councils, governments,
Myself not least, but honor'd of them all,--
And drunk delight of battle with my peers,
Far on the ringing plains of windy Troy.
I am a part of all that I have met;
Yet all experience is an arch wherethro'
Gleams that untravell'd world whose margin fades
For ever and for ever when I move.
How dull it is to pause, to make an end,
To rust unburnish'd, not to shine in use!
As tho' to breathe were life! Life piled on life
Were all too little, and of one to me
Little remains; but every hour is saved "
poem_0021,James Joyce,Nightpiece,"Gaunt in gloom,
The pale stars their torches,
Enshrouded, wave.
Ghostfires from heaven's far verges faint illume,
Arches on soaring arches,
Night's sindark nave.
Seraphim,
The lost hosts awaken
To service till
In moonless gloom each lapses muted, dim,
Raised when she has and shaken
Her thurible.
And long and loud,
To night's nave upsoaring,
A starknell tolls
As the bleak incense surges, cloud on cloud,
Voidward from the adoring
Waste of souls."
poem_0154,Walt Whitman,To You,"Stranger! if you, passing, meet me, and desire to speak to me, why should you not speak to me? 
And why should I not speak to you?"
poem_0025,James Joyce,"O Sweetheart, Hear You","O Sweetheart, hear you
Your lover's tale;
A man shall have sorrow
When friends him fail.
For he shall know then
Friends be untrue
And a little ashes
Their words come to.
But one unto him
Will softly move
And softly woo him
In ways of love.
His hand is under
Her smooth round breast;
So he who has sorrow
Shall have rest."
poem_0026,James Joyce,She Weeps Over Rahoon,"Rain on Rahoon falls softly, softly falling,
Where my dark lover lies.
Sad is his voice that calls me, sadly calling,
At grey moonrise.
Love, hear thou
How soft, how sad his voice is ever calling,
Ever unanswered, and the dark rain falling,
Then as now.
Dark too our hearts, O love, shall lie and cold
As his sad heart has lain
Under the moongrey nettles, the black mould
And muttering rain."
poem_0028,James Joyce,On The Beach At Fontana,"Wind whines and whines the shingle,
The crazy pierstakes groan;
A senile sea numbers each single
Slimesilvered stone.
From whining wind and colder
Grey sea I wrap him warm
And touch his trembling fineboned shoulder
And boyish arm.
Around us fear, descending
Darkness of fear above
And in my heart how deep unending
Ache of love!"
poem_0024,James Joyce,Flood,"Goldbrown upon the sated flood
The rockvine clusters lift and sway;
Vast wings above the lambent waters brood
Of sullen day.
A waste of waters ruthlessly
Sways and uplifts its weedy mane
Where brooding day stares down upon the sea
In dull disdain.
Uplift and sway, O golden vine,
Your clustered fruits to love's full flood,
Lambent and vast and ruthless as is thine
Incertitude!"
poem_0032,James Joyce,Alone,"The noon's greygolden meshes make
All night a veil,
The shorelamps in the sleeping lake
Laburnum tendrils trail.
The sly reeds whisper to the night
A name, her name,
And all my soul is a delight,
A swoon of shame."
poem_0033,James Joyce,Tutto ' Sciolto,"A birdless heaven, seadusk, one lone star
Piercing the west,
As thou, fond heart, love's time, so faint, so far,
Rememberest.
The clear young eyes' soft look, the candid brow,
The fragrant hair,
Falling as through the silence falleth now
Dusk of the air.
Why then, remembering those shy
Sweet lures, repine
When the dear love she yielded with a sigh
Was all but thine?"
poem_0036,John Milton,To a Virtuous Young Lady,"Lady! that in the prime of earliest youth
Wisely hast shunned the broad way and the green,
And with those few art eminently seen,
That labour up the Hill of Heavenly Truth,
The better part with Mary and with Ruth
Chosen thou hast, and they that overween,
And at thy growing virtues fret their spleen,
No anger find in thee, but pity and ruth.
Thy care is fixed, and zealously attends
To fill thy odorous Lamp with deeds of light.
And Hope that reaps not shame; therefore be sure,
Thou, when the Bridegroom with his feastful friends
Passes to bliss at the mid hour of night,
Hast gained thy entrance, Virgin wise and pure."
poem_0037,John Milton,Methought I Saw My Late Espoused Saint,"Methought I saw my late espoused Saint
Brought to me like Alcestus from the grave,
Who Jove's great Son to her glad Husband gave,
Rescu'd from death by force though pale and faint.
Mine as whom washt from spot of child-bed taint
Purification in the old Law did save,
And such as yet once more I trust to have
Full sight of her in Heav'n without restraint,
Came vested all in white, pure as her mind:
Her face was veil'd, yet to my fancied sight
Love, sweetness, goodness in her person shin'd
So clear, as in no face with more delight.
But O as to embrace me she enclin'd
I wak'd, she fled, and day brought back my night."
poem_0084,Paul Laurence Dunbar,The Poet,"He sang of life, serenely sweet,
With, now and then, a deeper note.
From some high peak, nigh yet remote,
He voiced the world's absorbing beat.
He sang of love when earth was young,
And Love, itself, was in his lays.
But ah, the world, it turned to praise
A jingle in a broken tongue."
poem_0040,John Milton,Sonnets. XVIII,"Cyriack, whose Grandsire on the Royal Bench
Of Brittish Themis, with no mean applause
Pronounc't and in his volumes taught our Lawes,
Which others at their Barr so often wrench:
To day deep thoughts resolve with me to drench
In mirth, that after no repenting drawes;
Let Euclid rest and Archimedes pause,
And what the Swede intend, and what the French.
To measure life, learn thou betimes, and know
Toward solid good what leads the nearest way;
For other things mild Heav'n a time ordains,
And disapproves that care, though wise in show,
That with superfluous burden loads the day,
And when God sends a cheerful hour, refrains."
poem_0041,John Milton,Sonnets. XIX,"Methought I saw my late espoused Saint
Brought to me like Alcestis from the grave,
Whom Joves great Son to her glad Husband gave,
Rescu'd from death by force though pale and faint.
Mine as whom washt from spot of child-bed taint,
Purification in the old Law did save,
And such, as yet once more I trust to have
Full sight of her in Heaven without restraint,
Came vested all in white, pure as her mind:
Her face was vail'd, yet to my fancied sight,
Love, sweetness, goodness, in her person shin'd
So clear, as in no face with more delight.
But O as to embrace me she enclin'd
I wak'd, she fled, and day brought back my night."
poem_0042,John Milton,Sonnets. VIII,"Captain or Colonel, or Knight in Arms,
Whose chance on these defenceless dores may sease,
If ever deed of honour did thee please,
Guard them, and him within protect from harms,
He can requite thee, for he knows the charms
That call Fame on such gentle acts as these,
And he can spred thy Name o're Lands and Seas,
What ever clime the Suns bright circle warms.
Lift not thy spear against the Muses Bowre,
The great Emathian Conqueror bid spare
The house of Pindarus, when Temple and Towre
Went to the ground: And the repeated air
Of sad Electra's Poet had the power
To save th' Athenian Walls from ruine bare."
poem_0044,John Milton,Sonnets. XI,"A Book was writ of late call'd Tetrachordon;
And wov'n close, both matter, form and stile;
The Subject new: it walk'd the Town a while,
Numbring good intellects; now seldom por'd on.
Cries the stall-reader, bless us! what a word on
A title page is this! and some in file
Stand spelling fals, while one might walk to Mile-
End Green. Why is it harder Sirs then Gordon,
Colkitto, or Macdonnel, or Galasp?
Those rugged names to our like mouths grow sleek
That would have made Quintilian stare and gasp.
Thy age, like ours, O Soul of Sir John Cheek,
Hated not Learning wors then Toad or Asp;
When thou taught'st Cambridge, and King Edward Greek."
poem_0473,William Shakespeare,The Sonnets CXVI - Let me not to the marriage of true minds,"Let me not to the marriage of true minds
Admit impediments. Love is not love
Which alters when it alteration finds,
Or bends with the remover to remove:
O, no! it is an ever-fixed mark,
That looks on tempests and is never shaken;
It is the star to every wandering bark,
Whose worth's unknown, although his height be taken.
Love's not Time's fool, though rosy lips and cheeks
Within his bending sickle's compass come;
Love alters not with his brief hours and weeks,
But bears it out even to the edge of doom.
If this be error and upon me prov'd,
I never writ, nor no man ever lov'd."
poem_0085,Paul Laurence Dunbar,Dawn,"An angel, robed in spotless white,
Bent down and kissed the sleeping Night.
Night woke to blush; the sprite was gone.
Men saw the blush and called it Dawn."
poem_0156,Walt Whitman,A Farm-Picture,"Through the ample open door of the peaceful country barn,
A sun-lit pasture field, with cattle and horses feeding;
And haze, and vista, and the far horizon, fading away."
poem_0475,William Shakespeare,The Sonnets CXXX - My mistress' eyes are nothing like the sun,"My mistress' eyes are nothing like the sun;
Coral is far more red, than her lips red:
If snow be white, why then her breasts are dun;
If hairs be wires, black wires grow on her head.
I have seen roses damask'd, red and white,
But no such roses see I in her cheeks;
And in some perfumes is there more delight
Than in the breath that from my mistress reeks.
I love to hear her speak, yet well I know
That music hath a far more pleasing sound:
I grant I never saw a goddess go,
My mistress, when she walks, treads on the ground:
And yet by heaven, I think my love as rare,
As any she belied with false compare."
poem_0087,Elizabeth Barrett Browning,Grief,"I tell you, hopeless grief is passionless;
That only men incredulous of despair,
Half-taught in anguish, through the midnight air
Beat upward to God's throne in loud access
Of shrieking and reproach. Full desertness,
In souls as countries, lieth silent-bare
Under the blanching, vertical eye-glare
Of the absolute Heavens. Deep-hearted man, express
Grief for thy Dead in silence like to death
Most like a monumental statue set
In everlasting watch and moveless woe
Till itself crumble to the dust beneath.
Touch it; the marble eyelids are not wet:
If it could weep, it could arise and go."
poem_0074,Paul Laurence Dunbar,A Death Song,"Lay me down beneaf de willers in de grass,
Whah de branch 'll go a-singin' as it pass.
An' w'en I 's a-layin' low,
I kin hyeah it as it go
Singin', ""Sleep, my honey, tek yo' res' at las'.""
Lay me nigh to whah hit meks a little pool,
An' de watah stan's so quiet lak an' cool,
Whah de little birds in spring,
Ust to come an' drink an' sing,
An' de chillen waded on dey way to school.
Let me settle w'en my shouldahs draps dey load
Nigh enough to hyeah de noises in de road;
Fu' I t'ink de las' long res'
Gwine to soothe my sperrit bes'
Ef I's layin' 'mong de t'ings I's allus knowed."
poem_0077,Paul Laurence Dunbar,Ships That Pass In The Night,"Out in the sky the great dark clouds are massing;
I look far out into the pregnant night,
Where I can hear a solemn booming gun
And catch the gleaming of a random light,
That tells me that the ship I seek is passing, passing.
My tearful eyes my soul's deep hurt are glassing;
For I would hail and check that ship of ships.
I stretch my hands imploring, cry aloud,
My voice falls dead a foot from mine own lips,
And but its ghost doth reach that vessel, passing, passing.
O Earth, O Sky, O Ocean, both surpassing,
O heart of mine, O soul that dreads the dark!
Is there no hope for me? Is there no way
That I may sight and check that speeding bark
Which out of sight and sound is passing, passing?"
poem_0079,Paul Laurence Dunbar,A Song,"Thou art the soul of a summer's day,
Thou art the breath of the rose.
But the summer is fled
And the rose is dead
Where are they gone, who knows, who knows?
Thou art the blood of my heart o' hearts,
Thou art my soul's repose,
But my heart grows numb
And my soul is dumb
Where art thou, love, who knows, who knows?
Thou art the hope of my after years--
Sun for my winter snows
But the years go by
'Neath a clouded sky.
Where shall we meet, who knows, Who knows?"
poem_0080,Paul Laurence Dunbar,We Wear The Mask,"We wear the mask that grins and lies,
It hides our cheeks and shades our eyes,--
This debt we pay to human guile;
With torn and bleeding hearts we smile,
And mouth with myriad subtleties.
Why should the world be over-wise,
In counting all our tears and sighs?
Nay, let them only see us, while
We wear the mask.
We smile, but, O great Christ, our cries
To thee from tortured souls arise.
We sing, but oh the clay is vile
Beneath our feet, and long the mile;
But let the world dream otherwise,
We wear the mask!"
poem_0076,Paul Laurence Dunbar,A Song.,"On a summer's day as I sat by a stream,
A dainty maid came by,
And she blessed my sight like a rosy dream,
And left me there to sigh, to sigh,
And left me there to sigh, to sigh.
On another day as I sat by the stream,
This maiden paused a while,
Then I made me bold as I told my dream,
She heard it with a smile, a smile,
She heard it with a smile, a smile.
Oh, the months have fled and the autumn's red,
The maid no more goes by:
For my dream came true and the maid I wed,
And now no more I sigh, I sigh,
And now no more I sigh."
poem_0082,Paul Laurence Dunbar,The Debt,"This is the debt I pay
Just for one riotous day,
Years of regret and grief,
Sorrow without relief.
Pay it I will to the end--
Until the grave, my friend,
Gives me a true release--
Gives me the clasp of peace.
Slight was the thing I bought,
Small was the debt I thought,
Poor was the loan at best--
God! but the interest!"
poem_0081,Paul Laurence Dunbar,Life,"A crust of bread and a corner to sleep in,
A minute to smile and an hour to weep in,
A pint of joy to a peck of trouble,
And never a laugh but the moans come double;
And that is life!
A crust and a corner that love makes precious,
With a smile to warm and the tears to refresh us;
And joy seems sweeter when cares come after,
And a moan is the finest of foils for laughter;
And that is life!"
poem_0477,William Shakespeare,"The Sonnets CVII - Not mine own fears, nor the prophetic soul","Not mine own fears, nor the prophetic soul
Of the wide world dreaming on things to come,
Can yet the lease of my true love control,
Supposed as forfeit to a confin'd doom.
The mortal moon hath her eclipse endur'd,
And the sad augurs mock their own presage;
Incertainties now crown themselves assur'd,
And peace proclaims olives of endless age.
Now with the drops of this most balmy time,
My love looks fresh, and Death to me subscribes,
Since, spite of him, I'll live in this poor rime,
While he insults o'er dull and speechless tribes:
And thou in this shalt find thy monument,
When tyrants' crests and tombs of brass are spent."
poem_0091,Elizabeth Barrett Browning,Sonnets From The Portuguese VI,"Go from me. Yet I feel that I shall stand
Henceforward in thy shadow. Nevermore
Alone upon the threshold of my door
Of individual life, I shall command
The uses of my soul, nor lift my hand
Serenely in the sunshine as before,
Without the sense of that which I forbore
Thy touch upon the palm. The widest land
Doom takes to part us, leaves thy heart in mine
With pulses that beat double. What I do
And what I dream include thee, as the wine
Must taste of its own grapes. And when I sue
God for myself, He hears that name of thine,
And sees within my eyes the tears of two."
poem_0092,Elizabeth Barrett Browning,Sonnets From The Portuguese XXXIX,"Because thou hast the power and own'st the grace
To look through and behind this mask of me,
(Against which, years have beat thus blanchingly,
With their rains,) and behold my soul's true face,
The dim and weary witness of life's race,
Because thou hast the faith and love to see,
Through that same soul's distracting lethargy,
The patient angel waiting for a place
In the new Heavens, because nor sin nor woe,
Nor God's infliction, nor death's neighbourhood,
Nor all which others viewing, turn to go,
Nor all which makes me tired of all, self-viewed,
Nothing repels thee, . . . Dearest, teach me so
To pour out gratitude, as thou dost, good!"
poem_0095,Elizabeth Barrett Browning,Sonnets From The Portuguese XXIV,"Let the world's sharpness like a clasping knife
Shut in upon itself and do no harm
In this close hand of Love, now soft and warm,
And let us hear no sound of human strife
After the click of the shutting. Life to life,
I lean upon thee, Dear, without alarm,
And feel as safe as guarded by a charm
Against the stab of worldlings, who if rife
Are weak to injure. Very whitely still
The lilies of our lives may reassure
Their blossoms from their roots, accessible
Alone to heavenly dews that drop not fewer;
Growing straight, out of man's reach, on the hill.
God only, who made us rich, can make us poor."
poem_0094,Elizabeth Barrett Browning,Sonnets From The Portuguese XXX,"I see thine image through my tears to-night,
And yet to-day I saw thee smiling. How
Refer the cause? Belov'd, is it thou
Or I, who makes me sad? The acolyte
Amid the chanted joy and thankful rite
May so fall flat, with pale insensate brow,
On the altar-stair. I hear thy voice and vow,
Perplexed, uncertain, since thou art out of sight,
As he, in his swooning ears, the choir's amen.
Belov'd, dost thou love? or did I see all
The glory as I dreamed, and fainted when
Too vehement light dilated my ideal,
For my soul's eyes? Will that light come again,
As now these tears come, falling hot and real?"
poem_0097,Elizabeth Barrett Browning,Sonnets From The Portuguese XIX,"The soul's Rialto hath its merchandize;
I barter curl for curl upon that mart,
And from my poet's forehead to my heart
Receive this lock which outweighs argosies,
As purply black, as erst to Pindar's eyes
The dim purpureal tresses gloomed athwart
The nine white Muse-brows. For this counterpart, . . .
The bay crown's shade, Belov'd, I surmise,
Still lingers on thy curl, it is so black!
Thus, with a fillet of smooth-kissing breath,
I tie the shadows safe from gliding back,
And lay the gift where nothing hindereth;
Here on my heart, as on thy brow, to lack
No natural heat till mine grows cold in death."
poem_0099,Elizabeth Barrett Browning,Sonnets From The Portuguese XI,"And therefore if to love can be desert,
I am not all unworthy. Cheeks as pale
As these you see, and trembling knees that fail
To bear the burden of a heavy heart,
This weary minstrel-life that once was girt
To climb Aornus, and can scarce avail
To pipe now 'gainst the valley nightingale
A melancholy music, why advert
To these things? O Belov'd, it is plain
I am not of thy worth nor for thy place!
And yet, because I love thee, I obtain
From that same love this vindicating grace
To live on still in love, and yet in vain,
To bless thee, yet renounce thee to thy face."
poem_0103,Elizabeth Barrett Browning,Sonnets From The Portuguese XXVI,"I lived with visions for my company
Instead of men and women, years ago,
And found them gentle mates, nor thought to know
A sweeter music than they played to me.
But soon their trailing purple was not free
Of this world's dust, their lutes did silent grow,
And I myself grew faint and blind below
Their vanishing eyes. Then thou didst come, to be,
Belov'd, what they seemed. Their shining fronts,
Their songs, their splendours, (better, yet the same,
As river-water hallowed into fonts)
Met in thee, and from out thee overcame
My soul with satisfaction of all wants:
Because God's gifts put man's best dreams to shame."
poem_0102,Elizabeth Barrett Browning,Sonnets From The Portuguese V,"I lift my heavy heart up solemnly,
As once Electra her sepulchral urn,
And, looking in thine eyes, I over-turn
The ashes at thy feet.    Behold and see
What a great heap of grief lay hid in me,
And how the red wild sparkles dimly burn
Through the ashen greyness.    If thy foot in scorn
Could tread them out to darkness utterly,
It might be well perhaps.    But if instead
Thou wait beside me for the wind to blow
The grey dust up, . . . those laurels on thine head,
O my Belov'd, will not shield thee so,
That none of all the fires shall scorch and shred
The hair beneath.    Stand further off then! go!"
poem_0105,Elizabeth Barrett Browning,Sonnets From The Portuguese XXXI,"Thou comest! all is said without a word.
I sit beneath thy looks, as children do
In the noon-sun, with souls that tremble through
Their happy eyelids from an unaverred
Yet prodigal inward joy. Behold, I erred
In that last doubt! and yet I cannot rue
The sin most, but the occasion, that we two
Should for a moment stand unministered
By a mutual presence. Ah, keep near and close,
Thou dove-like help! and when my fears would rise,
With thy broad heart serenely interpose:
Brood down with thy divine sufficiencies
These thoughts which tremble when bereft of those,
Like callow birds left desert to the skies."
poem_0106,William Blake,The Chimney Sweeper,"A little black thing in the snow,
Crying ""weep! weep!"" in notes of woe!
""Where are thy father and mother? Say!""
""They are both gone up to the church to pray.
""Because I was happy upon the heath,
And smiled among the winter's snow,
They clothed me in the clothes of death,
And taught me to sing the notes of woe.
""And because I am happy and dance and sing,
They think they have done me no injury,
And are gone to praise God and his priest and king,
Who make up a heaven of our misery."""
poem_0107,William Blake,And Did Those Feet In Ancient Time,"And did those feet in ancient time
Walk upon England's mountains green?
And was the holy Lamb of God
On England's pleasant pastures seen?
And did the Countenance Divine
Shine forth upon our clouded hills?
And was Jerusalem builded here
Among these dark satanic mills?
Bring me my bow of burning gold!
Bring me my arrows of desire!
Bring me my spear! O clouds, unfold!
Bring me my chariot of fire!
I will not cease from mental fight,
Nor shall my sword sleep in my hand,
Till we have built Jerusalem
In England's green and pleasant land."
poem_0110,William Blake,London,"I wandered through each chartered street,
Near where the chartered Thames does flow,
A mark in every face I meet,
Marks of weakness, marks of woe.
In every cry of every man,
In every infant's cry of fear,
In every voice, in every ban,
The mind-forged manacles I hear:
How the chimney-sweeper's cry
Every blackening church appalls,
And the hapless soldier's sigh
Runs in blood down palace-walls.
But most, through midnight streets I hear
How the youthful harlot's curse
Blasts the new-born infant's tear,
And blights with plagues the marriage-hearse."
poem_0112,William Blake,Holy Thursday,"Is this a holy thing to see
In a rich and fruitful land,
Babes reduced to misery,
Fed with cold and usurous hand?
Is that trembling cry a song?
Can it be a song of joy?
And so many children poor?
It is a land of poverty!
And their son does never shine,
And their fields are bleak and bare,
And their ways are filled with thorns:
It is eternal winter there.
For where'er the sun does shine,
And where'er the rain does fall,
Babes should never hunger there,
Nor poverty the mind appall."
poem_0499,Alfred Lord Tennyson,"Break, Break, Break","Break, break, break,
On thy cold gray stones, O Sea!
And I would that my tongue could utter
The thoughts that arise in me.
O, well for the fisherman's boy,
That he shouts with his sister at play!
O, well for the sailor lad,
That he sings in his boat on the bay!
And the stately ships go on
To their haven under the hill;
But O for the touch of a vanished hand,
And the sound of a voice that is still!
Break, break, break,
At the foot of thy crags, O Sea!
But the tender grace of a day that is dead
Will never come back to me."
poem_0115,William Blake,A Cradle Song,"Sleep, sleep, beauty bright,
Dreaming in the joys of night;
Sleep, sleep; in thy sleep
Little sorrows sit and weep.
Sweet babe, in thy face
Soft desires I can trace,
Secret joys and secret smiles,
Little pretty infant wiles.
As thy softest limbs I feel,
Smiles as of the morning steal
O'er thy cheek, and o'er thy breast
Where thy little heart doth rest.
O the cunning wiles that creep
In thy little heart asleep!
When thy little heart doth wake,
Then the dreadful light shall break."
poem_0117,William Blake,The Echoing Green,"The sun does arise,
And make happy the skies;
The merry bells ring
To welcome the Spring;
The skylark and thrush,
The birds of the bush,
Sing louder around
To the bells' cheerful sound;
While our sports shall be seen
On the echoing Green.
Old John, with white hair,
Does laugh away care,
Sitting under the oak,
Among the old folk.
They laugh at our play,
And soon they all say,
""Such, such were the joys
When we all--girls and boys--
In our youth-time were seen
On the echoing Green.""
Till the little ones, weary,
No more can be merry:
The sun does descend,
And our sports have an end.
Round the laps of their mothers
Many sisters and brothers,
Like birds in their nest,
Are ready for rest,
And sport no more seen
On the darkening green."
poem_0118,William Blake,The Tiger,"Tiger, tiger, burning bright
In the forests of the night,
What immortal hand or eye
Could frame thy fearful symmetry?
In what distant deeps or skies
Burnt the fire of thine eyes?
On what wings dare he aspire?
What the hand dare seize the fire?
And what shoulder and what art
Could twist the sinews of thy heart?
And, when thy heart began to beat,
What dread hand and what dread feet?
What the hammer? what the chain?
In what furnace was thy brain?
What the anvil? what dread grasp
Dare its deadly terrors clasp?
When the stars threw down their spears,
And watered heaven with their tears,
Did He smile His work to see?
Did He who made the lamb make thee?
Tiger, tiger, burning bright
In the forests of the night,
What immortal hand or eye
Dare frame thy fearful symmetry?"
poem_0119,William Blake,The Divine Image,"To Mercy, Pity, Peace, and Love,
All pray in their distress,
And to these virtues of delight
Return their thankfulness.
For Mercy, Pity, Peace, and Love,
Is God our Father dear;
And Mercy, Pity, Peace, and Love,
Is man, His child and care.
For Mercy has a human heart;
Pity, a human face;
And Love, the human form divine:
And Peace the human dress.
Then every man, of every clime,
That prays in his distress,
Prays to the human form divine:
Love, Mercy, Pity, Peace.
And all must love the human form,
In heathen, Turk, or Jew.
Where Mercy, Love, and Pity dwell,
There God is dwelling too."
poem_0122,William Blake,Infant Joy,"""I have no name;
I am but two days old.""
What shall I call thee?
""I happy am,
Joy is my name.""
Sweet joy befall thee!
Pretty joy!
Sweet joy, but two days old.
Sweet Joy I call thee:
Thou dost smile,
I sing the while;
Sweet joy befall thee!"
poem_0125,William Blake,Ah Sunflower,"Ah Sunflower, weary of time,
Who countest the steps of the sun;
Seeking after that sweet golden clime
Where the traveller's journey is done;
Where the Youth pined away with desire,
And the pale virgin shrouded in snow,
Arise from their graves, and aspire
Where my Sunflower wishes to go!
"
poem_0123,William Blake,The Clod And The Pebble,"""Love seeketh not itself to please,
Nor for itself hath any care,
But for another gives it ease,
And builds a heaven in hell's despair.""
So sang a little clod of clay,
Trodden with the cattle's feet,
But a pebble of the brook
Warbled out these metres meet:
""Love seeketh only Self to please,
To bind another to its delight,
Joys in another's loss of ease,
And builds a hell in heaven's despite."""
poem_0126,Stephen Crane,"Man, The","A man said to the universe,
""Sir, I exist!""
""However,"" replied the universe,
""The fact has not created in me
A sense of obligation."""
poem_0140,Walt Whitman,A Noiseless Patient Spider,"A noiseless, patient spider,
I mark'd, where, on a little promontory, it stood, isolated;
Mark'd how, to explore the vacant, vast surrounding,
It launch'd forth filament, filament, filament, out of itself;
Ever unreeling them--ever tirelessly speeding them.
And you, O my Soul, where you stand,
Surrounded, surrounded, in measureless oceans of space,
Ceaselessly musing, venturing, throwing,--seeking the spheres, to
connect them;
Till the bridge you will need, be form'd--till the ductile anchor
hold;
Till the gossamer thread you fling, catch somewhere, O my Soul."
poem_0153,Walt Whitman,The Runner,"On a flat road runs the well-train'd runner;
He is lean and sinewy, with muscular legs;
He is thinly clothed he leans forward as he runs,
With lightly closed fists, and arms partially rais'd."
poem_0508,Alfred Lord Tennyson,"Come Not, When I Am Dead","Come not, when I am dead,
To drop thy foolish tears upon my grave,
To trample round my fallen head,
And vex the unhappy dust thou wouldst not save.
There let the wind sweep and the plover cry;
But thou, go by.
Child, if it were thine error or thy crime
I care no longer, being all unblest:
Wed whom thou wilt, but I am sick of Time,
And I desire to rest.
Pass on, weak heart, and leave me where I lie:
Go by, go by. "
poem_0142,Walt Whitman,O Captain! My Captain!,"O Captain! my Captain! our fearful trip is done;
The ship has weather'd every rack, the prize we sought is won;
The port is near, the bells I hear, the people all exulting,
While follow eyes the steady keel, the vessel grim and daring:
But O heart! heart! heart!
O the bleeding drops of red,
Where on the deck my Captain lies,
Fallen cold and dead.
O Captain! my Captain! rise up and hear the bells;
Rise up - for you the flag is flung - for you the bugle trills;
For you bouquets and ribbon'd wreaths - for you the shores a-crowding;
For you they call, the swaying mass, their eager faces turning;
Here Captain! dear father!
This arm beneath your head;
It is some dream that on the deck,
You've fallen cold and dead.
My Captain does not answer, his lips are pale and still;
My father does not feel my arm, he has no pulse nor will;
The ship is anchor'd safe and sound, its voyage closed and done;
From fearful trip, the victor ship, comes in with object won;
Exult, O shores, and ring, O bells!
But I, with mournful tread,
Walk the deck my Captain lies,
Fallen cold and dead."
poem_0143,Walt Whitman,To A Locomotive In Winter,"Thee for my recitative!
Thee in the driving storm, even as now the snow the winter-day declining;
Thee in thy panoply, thy measured dual throbbing, and thy beat convulsive;
Thy black cylindric body, golden brass, and silvery steel;
Thy ponderous side-bars, parallel and connecting rods, gyrating, shuttling at thy sides;
Thy metrical, now swelling pant and roar now tapering in the distance;
Thy great protruding head-light, fix'd in front;
Thy long, pale, floating vapor-pennants, tinged with delicate purple;
The dense and murky clouds out-belching from thy smoke-stack;
Thy knitted frame thy springs and valves the tremulous twinkle of thy wheels;
Thy train of cars behind, obedient, merrily-following,
Through gale or calm, now swift, now slack, yet steadily careering:
Type of the modern! emblem of motion and power! pulse of the continent!
For once, come serve the Muse, and merge in verse, even as here I see thee,
With storm, and buffeting gusts of wind, and falling snow;
By day, thy warning, ringing bell to sound its notes,
By night, thy silent signal lamps to swing.
Fierce-throated beauty!
Roll through my chant, with all thy lawless music! thy swinging lamps at night;
Thy piercing, madly-whistled laughter! thy echoes, rumbling like an earthquake, rousing all!
Law of thyself complete, thine own track firmly holding;
(No sweetness debonair of tearful harp or glib piano thine,)
Thy trills of shrieks by rocks and hills return'd,
Launch'd o'er the prairies wide across the lakes,
To the free skies, unpent, and glad, and strong."
poem_0144,Walt Whitman,Sparkles From The Wheel,"Where the city's ceaseless crowd moves on, the live-long day,
Withdrawn, I join a group of children watching I pause aside with them.
By the curb, toward the edge of the flagging,
A knife-grinder works at his wheel, sharpening a great knife;
Bending over, he carefully holds it to the stone by foot and knee,
With measur'd tread, he turns rapidly As he presses with light but firm hand,
Forth issue, then, in copious golden jets,
Sparkles from the wheel.
The scene, and all its belongings how they seize and affect me!
The sad, sharp-chinn'd old man, with worn clothes, and broad shoulder-band of leather;
Myself, effusing and fluid a phantom curiously floating now here absorb'd and arrested;
The group, (an unminded point, set in a vast surrounding;)
The attentive, quiet children the loud, proud, restive base of the streets;
The low, hoarse purr of the whirling stone the light-press'd blade,
Diffusing, dropping, sideways-darting, in tiny showers of gold,
Sparkles from the wheel."
poem_0148,Walt Whitman,When I Heard The Learn'd Astronomer,"When I heard the learn'd astronomer;
When the proofs, the figures, were ranged in columns before me;
When I was shown the charts and the diagrams, to add, divide, and measure them;
When I, sitting, heard the astronomer, where he lectured with much applause in the lecture-room,
How soon, unaccountable, I became tired and sick;
Till rising and gliding out, I wander'd off by myself,
In the mystical moist night-air, and from time to time,
Look'd up in perfect silence at the stars."
poem_0147,Walt Whitman,Bivouac On A Mountain Side,"I see before me now, a traveling army halting; 
Below, a fertile valley spread, with barns, and the orchards of summer; 
Behind, the terraced sides of a mountain, abrupt in places, rising high; 
Broken, with rocks, with clinging cedars, with tall shapes, dingily seen; 
The numerous camp-fires scatter'd near and far, some away up on the mountain;
The shadowy forms of men and horses, looming, large-sized flickering; 
And over all, the sky, the sky! far, far out of reach, studded, breaking out, the eternal stars."
poem_0149,Walt Whitman,Reconciliation,"Word over all, beautiful as the sky!
Beautiful that war, and all its deeds of carnage, must in time be utterly lost;
That the hands of the sisters Death and Night, incessantly softly wash again, and ever again, this soil'd world:
For my enemy is dead a man divine as myself is dead;
I look where he lies, white-faced and still, in the coffin I draw near;
I bend down, and touch lightly with my lips the white face in the coffin."
poem_0151,Walt Whitman,Beginning My Studies,"Beginning my studies, the first step pleas'd me so much,
The mere fact, consciousness--these forms--the power of motion,
The least insect or animal--the senses--eyesight--love;
The first step, I say, aw'd me and pleas'd me so much,
I have hardly gone, and hardly wish'd to go, any farther,
But stop and loiter all the time, to sing it in extatic songs."
poem_0159,Emily Elizabeth Dickinson,The Chariot.,"Because I could not stop for Death,
He kindly stopped for me;
The carriage held but just ourselves
And Immortality.
We slowly drove, he knew no haste,
And I had put away
My labor, and my leisure too,
For his civility.
We passed the school where children played,
Their lessons scarcely done;
We passed the fields of gazing grain,
We passed the setting sun.
We paused before a house that seemed
A swelling of the ground;
The roof was scarcely visible,
The cornice but a mound.
Since then 't is centuries; but each
Feels shorter than the day
I first surmised the horses' heads
Were toward eternity."
poem_0160,Emily Elizabeth Dickinson,"I Felt A Funeral In My Brain,","I felt a funeral in my brain,
And mourners, to and fro,
Kept treading, treading, till it seemed
That sense was breaking through.
And when they all were seated,
A service like a drum
Kept beating, beating, till I thought
My mind was going numb.
And then I heard them lift a box,
And creak across my soul
With those same boots of lead, again.
Then space began to toll
As all the heavens were a bell,
And Being but an ear,
And I and silence some strange race,
Wrecked, solitary, here."
poem_0161,Emily Elizabeth Dickinson,The Railway Train.,"I like to see it lap the miles,
And lick the valleys up,
And stop to feed itself at tanks;
And then, prodigious, step
Around a pile of mountains,
And, supercilious, peer
In shanties by the sides of roads;
And then a quarry pare
To fit its sides, and crawl between,
Complaining all the while
In horrid, hooting stanza;
Then chase itself down hill
And neigh like Boanerges;
Then, punctual as a star,
Stop -- docile and omnipotent --
At its own stable door."
poem_0162,Emily Elizabeth Dickinson,"""I Taste A Liquor Never Brewed,""","I taste a liquor never brewed,
From tankards scooped in pearl;
Not all the vats upon the Rhine
Yield such an alcohol!
Inebriate of air am I,
And debauchee of dew,
Reeling, through endless summer days,
From inns of molten blue.
When landlords turn the drunken bee
Out of the foxglove's door,
When butterflies renounce their drams,
I shall but drink the more!
Till seraphs swing their snowy hats,
And saints to windows run,
To see the little tippler
Leaning against the sun!"
poem_0163,Emily Elizabeth Dickinson,"""Safe In Their Alabaster Chambers,""","Safe in their alabaster chambers,
Untouched by morning and untouched by noon,
Sleep the meek members of the resurrection,
Rafter of satin, and roof of stone.
Light laughs the breeze in her castle of sunshine;
Babbles the bee in a stolid ear;
Pipe the sweet birds in ignorant cadence, --
Ah, what sagacity perished here!
Grand go the years in the crescent above them;
Worlds scoop their arcs, and firmaments row,
Diadems drop and Doges surrender,
Soundless as dots on a disk of snow."
poem_0164,Emily Elizabeth Dickinson,"""There's A Certain Slant Of Light,""","There's a certain slant of light,
On winter afternoons,
That oppresses, like the weight
Of cathedral tunes.
Heavenly hurt it gives us;
We can find no scar,
But internal difference
Where the meanings are.
None may teach it anything,
' T is the seal, despair, --
An imperial affliction
Sent us of the air.
When it comes, the landscape listens,
Shadows hold their breath;
When it goes, 't is like the distance
On the look of death."
poem_0166,Emily Elizabeth Dickinson,I Know That He Exists,"I know that he exists
Somewhere, in silence.
He has hid his rare life
From our gross eyes.
'T is an instant's play,
'T is a fond ambush,
Just to make bliss
Earn her own surprise!
But should the play
Prove piercing earnest,
Should the glee glaze
In death's stiff stare,
Would not the fun
Look too expensive?
Would not the jest
Have crawled too far?"
poem_0167,Emily Elizabeth Dickinson,The Brain.,"The brain is wider than the sky,
For, put them side by side,
The one the other will include
With ease, and you beside.
The brain is deeper than the sea,
For, hold them, blue to blue,
The one the other will absorb,
As sponges, buckets do.
The brain is just the weight of God,
For, lift them, pound for pound,
And they will differ, if they do,
As syllable from sound."
poem_0509,Alfred Lord Tennyson,The Splender Falls,"The splendor falls on castle walls
And snowy summits old in story;
The long light shakes across the lakes,
And the wild cataract leaps in glory.
Blow, bugle, blow, set the wild echoes flying
Blow, bugle; answers, echoes, dying, dying, dying.
O hark, O hear! how thin and clear,
And thinner, clearer, farther going!
O sweet and far from cliff and scar
The horns of Elfland faintly blowing!
Blow, let us hear the purple glens replying;
Blow, bugle; answer, echoes, dying, dying, dying.
O love, they die in yon rich sky,
They faint on hill or field or river;
Our echoes roll from soul to soul,
And grow forever and forever.
Blow, bugle, blow, set the wild echoes flying,
And answer, echoes, answer, dying, dying ,dying"
poem_0172,Emily Elizabeth Dickinson,"I Never Lost As Much But Twice,","I never lost as much but twice,
And that was in the sod;
Twice have I stood a beggar
Before the door of God!
Angels, twice descending,
Reimbursed my store.
Burglar, banker, father,
I am poor once more!"
poem_0174,Emily Elizabeth Dickinson,I'm Nobody!,"I'm Nobody!    Who are you?
Are you nobody, too?
Then there's a pair of us -- don't tell!
They 'd banish us, you know.
How dreary to be somebody!
How public, like a frog
To tell your name the livelong day
To an admiring bog!"
poem_0176,Emily Elizabeth Dickinson,"""Much Madness Is Divinest Sense""","Much madness is divinest sense
To a discerning eye;
Much sense the starkest madness.
'T is the majority
In this, as all, prevails.
Assent, and you are sane;
Demur, -- you're straightway dangerous,
And handled with a chain."
poem_0181,William Wordsworth,I Wandered Lonely As A Cloud,"I wandered lonely as a cloud
That floats on high o'er vales and hills,
When all at once I saw a crowd,
A host, of golden daffodils;
Beside the lake, beneath the trees,
Fluttering and dancing in the breeze.
Continuous as the stars that shine
And twinkle on the milky way,
They stretched in never-ending line
Along the margin of a bay:    
Ten thousand saw I at a glance,
Tossing their heads in sprightly dance.
The waves beside them danced; but they
Out-did the sparkling waves in glee:
A poet could not but be gay,
In such a jocund company:
I gazed, and gazed, but little thought
What wealth the show to me had brought:
For oft, when on my couch I lie
In vacant or in pensive mood, 
They flash upon that inward eye
Which is the bliss of solitude;
And then my heart with pleasure fills,
And dances with the daffodils."
poem_0182,William Wordsworth,"London, 1802","Milton! thou shouldst be living at this hour:
England hath need of thee: she is a fen
Of stagnant waters: altar, sword, and pen,
Fireside, the heroic wealth of hall and bower,
Have forfeited their ancient English dower
Of inward happiness. We are selfish men;
Oh! raise us up, return to us again;
And give us manners, virtue, freedom, power.
Thy soul was like a Star, and dwelt apart:
Thou hadst a voice whose sound was like the sea:
Pure as the naked heavens, majestic, free,
So didst thou travel on life's common way,
In cheerful godliness; and yet the heart
The lowliest duties on herself did lay."
poem_0185,William Wordsworth,Strange Fits Of Passion Have I Known,"Strange fits of passion have I known:
And I will dare to tell,
But in the lover's ear alone,
What once to me befell.
When she I loved looked every day
Fresh as a rose in June,
I to her cottage bent my way,
Beneath an evening-moon.
Upon the moon I fixed my eye,
All over the wide lea;
With quickening pace my horse drew nigh
Those paths so dear to me.
And now we reached the orchard-plot;
And, as we climbed the hill,
The sinking moon to Lucy's cot
Came near, and nearer still.
In one of those sweet dreams I slept,
Kind Nature's gentlest boon!
And all the while my eye I kept
On the descending moon.
My horse moved on; hoof after hoof
He raised, and never stopped:
When down behind the cottage roof,
At once, the bright moon dropped.
What fond and wayward thoughts will slide
Into a Lover's head!
""O mercy!"" to myself I cried,
""If Lucy should be dead!"""
poem_0188,William Wordsworth,The World Is Too Much With Us,"The world is too much with us; late and soon,
Getting and spending, we lay waste our powers:
Little we see in Nature that is ours;
We have given our hearts away, a sordid boon!
This Sea that bares her bosom to the moon;
The winds that will be howling at all hours,
And are up-gathered now like sleeping flowers;
For this, for everything, we are out of tune,
It moves us not. Great God! I'd rather be
A Pagan suckled in a creed outworn;
So might I, standing on this pleasant lea,
Have glimpses that would make me less forlorn;
Have sight of Proteus rising from the sea;
Or hear old Triton blow his wreathed horn."
poem_0189,William Wordsworth,A Slumber Did My Spirit Seal,"A slumber did my spirit seal;
I had no human fears:
She seemed a thing that could not feel
The touch of earthly years.
No motion has she now, no force;
She neither hears nor sees;
Rolled round in earth's diurnal course,
With rocks, and stones, and trees."
poem_0191,William Wordsworth,To A Butterfly (2),"I've watched you now a full half-hour;
Self-poised upon that yellow flower
And, little Butterfly! indeed
I know not if you sleep or feed.
How motionless! not frozen seas
More motionless! and then
What joy awaits you, when the breeze
Hath found you out among the trees,
And calls you forth again!
This plot of orchard-ground is ours;
My trees they are, my Sister's flowers;
Here rest your wings when they are weary;
Here lodge as in a sanctuary!
Come often to us, fear no wrong;
Sit near us on the bough!
We'll talk of sunshine and of song,
And summer days, when we were young;
Sweet childish days, that were as long
As twenty days are now."
poem_0193,William Butler Yeats,Down By The Salley Gardens,"Down by the salley gardens my love and I did meet;
She passed the salley gardens with little snow-white
feet.
She bid me take love easy, as the leaves grow on the
tree;
But I, being young and foolish, with her would not
agree.
In a field by the river my love and I did stand,
And on my leaning shoulder she laid her snow-white
hand.
She bid me take life easy, as the grass grows on the weirs;
But I was young and foolish, and now am full of tears."
poem_0197,William Butler Yeats,The Lake Isle Of Innisfree,"I will arise and go now, and go to Innisfree,
And a small cabin build there, of clay and wattles made:
Nine bean-rows will I have there, a hive for the honeybee,
And live alone in the bee-loud glade.
And I shall have some peace there, for peace comes dropping slow,
Dropping from the veils of the morning to where the cricket sings;
There midnight's all a glimmer, and noon a purple glow,
And evening full of the linnet's wings.
I will arise and go now, for always night and day
I hear lake water lapping with low sounds by the shore;
While I stand on the roadway, or on the pavements grey,
I hear it in the deep heart's core."
poem_0196,William Butler Yeats,The Song Of Wandering Aengus,"I went out to the hazel wood,
Because a fire was in my head,
And cut and peeled a hazel wand,
And hooked a berry to a thread;
And when white moths were on the wing,
And moth-like stars were flickering out,
I dropped the berry in a stream
And caught a little silver trout.
When I had laid it on the floor
I went to blow the fire a-flame,
But something rustled on the floor,
And someone called me by my name:
It had become a glimmering girl
With apple blossom in her hair
Who called me by my name and ran
And faded through the brightening air.
Though I am old with wandering
Through hollow lands and hilly lands,
I will find out where she has gone,
And kiss her lips and take her hands;
And walk among long dappled grass,
And pluck till time and times are done,
The silver apples of the moon,
The golden apples of the sun."
poem_0200,William Butler Yeats,The Second Coming,"Turning and turning in the widening gyre
The falcon cannot hear the falconer;
Things fall apart; the centre cannot hold;
Mere anarchy is loosed upon the world,
The blood-dimmed tide is loosed, and everywhere
The ceremony of innocence is drowned;
The best lack all conviction, while the worst
Are full of passionate intensity.
Surely some revelation is at hand;
Surely the Second Coming is at hand.
The Second Coming! Hardly are those words out
When a vast image out of Spiritus Mundi
Troubles my sight: somewhere in sands of the desert
A shape with lion body and the head of a man,
A gaze blank and pitiless as the sun,
Is moving its slow thighs, while all about it
Reel shadows of the indignant desert birds.
The darkness drops again; but now I know
That twenty centuries of stony sleep
Were vexed to nightmare by a rocking cradle,
And what rough beast, its hour come round at laSt,
Slouches towards Bethlehem to be born?"
poem_0203,William Butler Yeats,Who Goes With Fergus?,"Who will go drive with Fergus now,
And pierce the deep wood's woven shade,
And dance upon the level shore?
Young man, lift up your russet brow,
And lift your tender eyelids, maid,
And brood on hopes and fear no more.
And no more turn aside and brood
Upon love's bitter mystery;
For Fergus rules the brazen cars,
And rules the shadows of the wood,
And the white breast of the dim sea
And all dishevelled wandering stars."
poem_0204,William Butler Yeats,No Second Troy,"Why should I blame her that she filled my days
With misery, or that she would of late
Have taught to ignorant men most violent ways,
Or hurled the little streets upon the great,
Had they but courage equal to desire?
What could have made her peaceful with a mind
That nobleness made simple as a fire,
With beauty like a tightened bow, a kind
That is not natural in an age like this,
Being high and solitary and most stern?
Why, what could she have done being what she is?
Was there another Troy for her to burn?"
poem_0202,William Butler Yeats,The Rose Of The World,"Who dreamed that beauty passes like a dream?
For these red lips, with all their mournful pride,
Mournful that no new wonder may betide,
Troy passed away in one high funeral gleam,
And Usna's children died.
We and the labouring world are passing by:
Amid men's souls, that waver and give place
Like the pale waters in their wintry race,
Under the passing stars, foam of the sky,
Lives on this lonely face.
Bow down, archangels, in your dim abode:
Before you were, or any hearts to beat,
Weary and kind one lingered by His seat;
He made the world to be a grassy road
Before her wandering feet.
"
poem_0201,William Butler Yeats,When You Are Old,"When you are old and grey and full of sleep,
And nodding by the fire, take down this book,
And slowly read, and dream of the soft look
Your eyes had once, and of their shadows deep;
How many loved your moments of glad grace,
And loved your beauty with love false or true,
But one man loved the pilgrim Soul in you,
And loved the sorrows of your changing face;
And bending down beside the glowing bars,
Murmur, a little sadly, how Love fled
And paced upon the mountains overhead
And hid his face amid a crowd of stars."
poem_0205,William Butler Yeats,Politics,"How can I, that girl standing there,
My attention fix
On Roman or on Russian
Or on Spanish politics?
Yet here's a travelled man that knows
What he talks about,
And there's a politician
That has read and thought,
And maybe what they say is true
Of war and war's alarms,
But O that I were young again
And held her in my arms!"
poem_0206,William Butler Yeats,A Coat,"I Made my song a coat
Covered with embroideries
Out of old mythologies
From heel to throat;
But the fools caught it,
Wore it in the world's eyes
As though they'd wrought it.
Song, let them take it
For there's more enterprise
In walking naked."
poem_0210,William Butler Yeats,He Wishes For The Cloths Of Heaven,"Had I the heavens' embroidered cloths,
Enwrought with golden and silver light,
The blue and the dim and the dark cloths
Of night and light and the half-light,
I would spread the cloths under your feet:
But I, being poor, have only my dreams;
I have spread my dreams under your feet;
Tread softly because you tread on my dreams."
poem_0556,Wilfred Edward Salter Owen,Futility,"Move him into the sun--
Gently its touch awoke him once,
At home, whispering of fields unsown.
Always it woke him, even in France,
Until this morning and this snow.
If anything might rouse him now
The kind old sun will know.
Think how it wakes the seeds--
Woke, once, the clays of a cold star.
Are limbs so dear-achieved, are sides
Full-nerved,--still warm,--too hard to stir?
Was it for this the clay grew tall?
--O what made fatuous sunbeams toil
To break earth's sleep at all?"
poem_0577,Rupert Brooke,The Hill,"Breathless, we flung us on the windy hill,
Laughed in the sun, and kissed the lovely grass.
You said, ""Through glory and ecstasy we pass;
Wind, sun, and earth remain, the birds sing still,
When we are old, are old. . . ."" ""And when we die
All's over that is ours; and life burns on
Through other lovers, other lips,"" said I,
""Heart of my heart, our heaven is now, is won!""
""We are Earth's best, that learnt her lesson here.
Life is our cry. We have kept the faith!"" we said;
""We shall go down with unreluctant tread
Rose-crowned into the darkness!"" . . . Proud we were,
And laughed, that had such brave true things to say.
And then you suddenly cried, and turned away."
poem_0623,Rudyard Kipling,When Earth's Last Picture Is Painted,"When Earth's last picture is painted and the tubes are twisted and dried,
When the oldest colours have faded, and the youngest critic has died,
We shall rest, and, faith, we shall need it, lie down for an aeon or two,
Till the Master of All Good Workmen shall put us to work anew.
And those that were good shall be happy; they shall sit in a golden chair;
They shall splash at a ten-league canvas with brushes of comets' hair.
They shall find real saints to draw from, Magdalene, Peter, and Paul;
They shall work for an age at a sitting and never be tired at all!
And only The Master shall praise us, and only The Master shall blame;
And no one shall work for money, and no one shall work for fame,
But each for the joy of the working, and each, in his separate star,
Shall draw the Thing as he sees It for the God of Things as They are!"
poem_0555,Wilfred Edward Salter Owen,Arms and the Boy,"Let the boy try along this bayonet-blade
How cold steel is, and keen with hunger of blood;
Blue with all malice, like a madman's flash;
And thinly drawn with famishing for flesh.
Lend him to stroke these blind, blunt bullet-heads
Which long to muzzle in the hearts of lads.
Or give him cartridges of fine zinc teeth,
Sharp with the sharpness of grief and death.
For his teeth seem for laughing round an apple.
There lurk no claws behind his fingers supple;
And God will grow no talons at his heels,
Nor antlers through the thickness of his curls."
poem_0743,Jonathan Swift,A Description Of The Morning,"WRITTEN IN APRIL 1709, AND FIRST PRINTED IN ""THE TATLER""[1]
Now hardly here and there an hackney-coach
Appearing, show'd the ruddy morn's approach.
Now Betty from her master's bed had flown,
And softly stole to discompose her own;
The slip-shod 'prentice from his master's door
Had pared the dirt, and sprinkled round the floor.
Now Moll had whirl'd her mop with dext'rous airs,
Prepared to scrub the entry and the stairs.
The youth with broomy stumps began to trace
The kennel's edge, where wheels had worn the place.[2]
The small-coal man was heard with cadence deep,
Till drown'd in shriller notes of chimney-sweep:
Duns at his lordship's gate began to meet;
And brickdust Moll had scream'd through half the street.
The turnkey now his flock returning sees,
Duly let out a-nights to steal for fees:[3]
The watchful bailiffs take their silent stands,
And schoolboys lag with satchels in their hands."
poem_0547,George Gordon Byron,Stanzas Written On The Road Between Florence And Pisa,"1.
Oh, talk not to me of a name great in story -
The days of our Youth are the days of our glory;
And the myrtle and ivy of sweet two-and-twenty
Are worth all your laurels, though ever so plenty.[604]
2.
What are garlands and crowns to the brow that is wrinkled?
Tis but as a dead flower with May-dew besprinkled:
Then away with all such from the head that is hoary,
What care I for the wreaths that can only give glory?
3.
Oh Fame! - if I e'er took delight in thy praises,
'Twas less for the sake of thy high-sounding phrases,
Than to see the bright eyes of the dear One discover,
She thought that I was not unworthy to love her.
4.
There chiefly I sought thee, there only I found thee;
Her Glance was the best of the rays that surround thee,
When it sparkled o'er aught that was bright in my story,
I knew it was Love, and I felt it was Glory.
November 6, 1821.
[First published, Letters and Journals of Lord Byron, 1830, ii. 366, note.]"
poem_0272,Robert Burns,Ae Fond Kiss.,"Tune - ""Rory Dall's Port.""
I.
Ae fond kiss, and then we sever;
Ae fareweel, and then for ever!
Deep in heart-wrung tears I'll pledge thee,
Warring sighs and groans I'll wage thee.
Who shall say that fortune grieves him
While the star of hope she leaves him?
Me, nae cheerfu' twinkle lights me;
Dark despair around benights me.
II.
I'll ne'er blame my partial fancy,
Naething could resist my Nancy;
But to see her, was to love her;
Love but her, and love for ever.
Had we never lov'd sae kindly,
Had we never lov'd sae blindly,
Never met, or never parted,
We had ne'er been broken hearted.
III.
Fare thee weel, thou first and fairest!
Fare thee weel, thou best and dearest!
Thine be ilka joy and treasure,
Peace, enjoyment, love, and pleasure!
Ae fond kiss, and then we sever;
Ae farewell, alas! for ever!
Deep in heart-wrung tears I'll pledge thee,
Warring sighs and groans I'll wage thee!"